rule,gemini25pro,gpt5thinking,grok
baseline_zero_bar,0.14285714285714285,0.375,0.3333333333333333
dual_axes,1.0,1.0,1.0
